<?xml version="1.0" encoding="utf-8"?>
<!DOCTYPE mapper PUBLIC "-//mybatis.org//DTD Mapper 3.0//EN"
        "http://mybatis.org/dtd/mybatis-3-mapper.dtd">

<mapper namespace="Board">
    <insert id="save" parameterType="board" useGeneratedKeys="true" keyProperty="id">
        insert into board_table(boardTitle, boardWriter, boardPass, boardContents, fileAttached)
        values(#{boardTitle}, #{boardWriter}, #{boardPass}, #{boardContents}, #{fileAttached})
    </insert>
    <select id="findAll" resultType="board">
        select id, boardTitle, boardWriter, boardHits, date_format(createdAt, "%Y-%m-%d") as createdAt
        from board_table order by id desc
    </select>
    <update id="updateHits" parameterType="Long">
        update board_table set boardHits=boardHits+1 where id=#{id}
    </update>
    <select id="findById" parameterType="Long" resultType="board">
        select id, boardTitle, boardWriter, boardPass, boardContents, boardHits,
        date_format(createdAt, "%Y-%m-%d %H:%i:%s") as createdAt, fileAttached
        from board_table where id=#{id}
    </select>
</mapper>